--
-- PostgreSQL database dump
--

-- Dumped from database version 17.0 (Debian 17.0-1.pgdg120+1)
-- Dumped by pg_dump version 17.0 (Debian 17.0-1.pgdg120+1)

SET statement_timeout = 0;
SET lock_timeout = 0;
SET idle_in_transaction_session_timeout = 0;
SET transaction_timeout = 0;
SET client_encoding = 'UTF8';
SET standard_conforming_strings = on;
SELECT pg_catalog.set_config('search_path', '', false);
SET check_function_bodies = false;
SET xmloption = content;
SET client_min_messages = warning;
SET row_security = off;

SET default_tablespace = '';

SET default_table_access_method = heap;

--
-- Name: accounts_customuser; Type: TABLE; Schema: public; Owner: postgres
--

CREATE TABLE public.accounts_customuser (
    password character varying(128) NOT NULL,
    last_login timestamp with time zone,
    is_superuser boolean NOT NULL,
    username character varying(150) NOT NULL,
    first_name character varying(150) NOT NULL,
    last_name character varying(150) NOT NULL,
    email character varying(254) NOT NULL,
    is_staff boolean NOT NULL,
    is_active boolean NOT NULL,
    date_joined timestamp with time zone NOT NULL,
    id uuid NOT NULL,
    formacion text,
    rol_academico character varying(50) NOT NULL
);


ALTER TABLE public.accounts_customuser OWNER TO postgres;

--
-- Name: accounts_customuser_groups; Type: TABLE; Schema: public; Owner: postgres
--

CREATE TABLE public.accounts_customuser_groups (
    id bigint NOT NULL,
    customuser_id uuid NOT NULL,
    group_id integer NOT NULL
);


ALTER TABLE public.accounts_customuser_groups OWNER TO postgres;

--
-- Name: accounts_customuser_groups_id_seq; Type: SEQUENCE; Schema: public; Owner: postgres
--

ALTER TABLE public.accounts_customuser_groups ALTER COLUMN id ADD GENERATED BY DEFAULT AS IDENTITY (
    SEQUENCE NAME public.accounts_customuser_groups_id_seq
    START WITH 1
    INCREMENT BY 1
    NO MINVALUE
    NO MAXVALUE
    CACHE 1
);


--
-- Name: accounts_customuser_user_permissions; Type: TABLE; Schema: public; Owner: postgres
--

CREATE TABLE public.accounts_customuser_user_permissions (
    id bigint NOT NULL,
    customuser_id uuid NOT NULL,
    permission_id integer NOT NULL
);


ALTER TABLE public.accounts_customuser_user_permissions OWNER TO postgres;

--
-- Name: accounts_customuser_user_permissions_id_seq; Type: SEQUENCE; Schema: public; Owner: postgres
--

ALTER TABLE public.accounts_customuser_user_permissions ALTER COLUMN id ADD GENERATED BY DEFAULT AS IDENTITY (
    SEQUENCE NAME public.accounts_customuser_user_permissions_id_seq
    START WITH 1
    INCREMENT BY 1
    NO MINVALUE
    NO MAXVALUE
    CACHE 1
);


--
-- Name: asignaturas_asignatura; Type: TABLE; Schema: public; Owner: postgres
--

CREATE TABLE public.asignaturas_asignatura (
    codigo character varying(50) NOT NULL,
    nombre character varying(100) NOT NULL,
    eje_formacion character varying(50) NOT NULL,
    nivel_academico integer NOT NULL,
    creditos integer NOT NULL,
    total_horas integer NOT NULL,
    CONSTRAINT asignaturas_asignatura_creditos_check CHECK ((creditos >= 0)),
    CONSTRAINT asignaturas_asignatura_nivel_academico_check CHECK ((nivel_academico >= 0)),
    CONSTRAINT asignaturas_asignatura_totla_horas_check CHECK ((total_horas >= 0))
);


ALTER TABLE public.asignaturas_asignatura OWNER TO postgres;

--
-- Name: asignaturas_asignatura_co_requisitos; Type: TABLE; Schema: public; Owner: postgres
--

CREATE TABLE public.asignaturas_asignatura_co_requisitos (
    id bigint NOT NULL,
    from_asignatura_id character varying(50) NOT NULL,
    to_asignatura_id character varying(50) NOT NULL
);


ALTER TABLE public.asignaturas_asignatura_co_requisitos OWNER TO postgres;

--
-- Name: asignaturas_asignatura_co_requisitos_id_seq; Type: SEQUENCE; Schema: public; Owner: postgres
--

ALTER TABLE public.asignaturas_asignatura_co_requisitos ALTER COLUMN id ADD GENERATED BY DEFAULT AS IDENTITY (
    SEQUENCE NAME public.asignaturas_asignatura_co_requisitos_id_seq
    START WITH 1
    INCREMENT BY 1
    NO MINVALUE
    NO MAXVALUE
    CACHE 1
);


--
-- Name: asignaturas_asignatura_pre_requisitos; Type: TABLE; Schema: public; Owner: postgres
--

CREATE TABLE public.asignaturas_asignatura_pre_requisitos (
    id bigint NOT NULL,
    from_asignatura_id character varying(50) NOT NULL,
    to_asignatura_id character varying(50) NOT NULL
);


ALTER TABLE public.asignaturas_asignatura_pre_requisitos OWNER TO postgres;

--
-- Name: asignaturas_asignatura_pre_requisitos_id_seq; Type: SEQUENCE; Schema: public; Owner: postgres
--

ALTER TABLE public.asignaturas_asignatura_pre_requisitos ALTER COLUMN id ADD GENERATED BY DEFAULT AS IDENTITY (
    SEQUENCE NAME public.asignaturas_asignatura_pre_requisitos_id_seq
    START WITH 1
    INCREMENT BY 1
    NO MINVALUE
    NO MAXVALUE
    CACHE 1
);


--
-- Name: asignaturas_docente; Type: TABLE; Schema: public; Owner: postgres
--

CREATE TABLE public.asignaturas_docente (
    id bigint NOT NULL,
    asignatura_id character varying(50) NOT NULL,
    docente_id uuid
);


ALTER TABLE public.asignaturas_docente OWNER TO postgres;

--
-- Name: asignaturas_docente_id_seq; Type: SEQUENCE; Schema: public; Owner: postgres
--

ALTER TABLE public.asignaturas_docente ALTER COLUMN id ADD GENERATED BY DEFAULT AS IDENTITY (
    SEQUENCE NAME public.asignaturas_docente_id_seq
    START WITH 1
    INCREMENT BY 1
    NO MINVALUE
    NO MAXVALUE
    CACHE 1
);


--
-- Name: auth_group; Type: TABLE; Schema: public; Owner: postgres
--

CREATE TABLE public.auth_group (
    id integer NOT NULL,
    name character varying(150) NOT NULL
);


ALTER TABLE public.auth_group OWNER TO postgres;

--
-- Name: auth_group_id_seq; Type: SEQUENCE; Schema: public; Owner: postgres
--

ALTER TABLE public.auth_group ALTER COLUMN id ADD GENERATED BY DEFAULT AS IDENTITY (
    SEQUENCE NAME public.auth_group_id_seq
    START WITH 1
    INCREMENT BY 1
    NO MINVALUE
    NO MAXVALUE
    CACHE 1
);


--
-- Name: auth_group_permissions; Type: TABLE; Schema: public; Owner: postgres
--

CREATE TABLE public.auth_group_permissions (
    id bigint NOT NULL,
    group_id integer NOT NULL,
    permission_id integer NOT NULL
);


ALTER TABLE public.auth_group_permissions OWNER TO postgres;

--
-- Name: auth_group_permissions_id_seq; Type: SEQUENCE; Schema: public; Owner: postgres
--

ALTER TABLE public.auth_group_permissions ALTER COLUMN id ADD GENERATED BY DEFAULT AS IDENTITY (
    SEQUENCE NAME public.auth_group_permissions_id_seq
    START WITH 1
    INCREMENT BY 1
    NO MINVALUE
    NO MAXVALUE
    CACHE 1
);


--
-- Name: auth_permission; Type: TABLE; Schema: public; Owner: postgres
--

CREATE TABLE public.auth_permission (
    id integer NOT NULL,
    name character varying(255) NOT NULL,
    content_type_id integer NOT NULL,
    codename character varying(100) NOT NULL
);


ALTER TABLE public.auth_permission OWNER TO postgres;

--
-- Name: auth_permission_id_seq; Type: SEQUENCE; Schema: public; Owner: postgres
--

ALTER TABLE public.auth_permission ALTER COLUMN id ADD GENERATED BY DEFAULT AS IDENTITY (
    SEQUENCE NAME public.auth_permission_id_seq
    START WITH 1
    INCREMENT BY 1
    NO MINVALUE
    NO MAXVALUE
    CACHE 1
);


--
-- Name: django_admin_log; Type: TABLE; Schema: public; Owner: postgres
--

CREATE TABLE public.django_admin_log (
    id integer NOT NULL,
    action_time timestamp with time zone NOT NULL,
    object_id text,
    object_repr character varying(200) NOT NULL,
    action_flag smallint NOT NULL,
    change_message text NOT NULL,
    content_type_id integer,
    user_id uuid NOT NULL,
    CONSTRAINT django_admin_log_action_flag_check CHECK ((action_flag >= 0))
);


ALTER TABLE public.django_admin_log OWNER TO postgres;

--
-- Name: django_admin_log_id_seq; Type: SEQUENCE; Schema: public; Owner: postgres
--

ALTER TABLE public.django_admin_log ALTER COLUMN id ADD GENERATED BY DEFAULT AS IDENTITY (
    SEQUENCE NAME public.django_admin_log_id_seq
    START WITH 1
    INCREMENT BY 1
    NO MINVALUE
    NO MAXVALUE
    CACHE 1
);


--
-- Name: django_content_type; Type: TABLE; Schema: public; Owner: postgres
--

CREATE TABLE public.django_content_type (
    id integer NOT NULL,
    app_label character varying(100) NOT NULL,
    model character varying(100) NOT NULL
);


ALTER TABLE public.django_content_type OWNER TO postgres;

--
-- Name: django_content_type_id_seq; Type: SEQUENCE; Schema: public; Owner: postgres
--

ALTER TABLE public.django_content_type ALTER COLUMN id ADD GENERATED BY DEFAULT AS IDENTITY (
    SEQUENCE NAME public.django_content_type_id_seq
    START WITH 1
    INCREMENT BY 1
    NO MINVALUE
    NO MAXVALUE
    CACHE 1
);


--
-- Name: django_migrations; Type: TABLE; Schema: public; Owner: postgres
--

CREATE TABLE public.django_migrations (
    id bigint NOT NULL,
    app character varying(255) NOT NULL,
    name character varying(255) NOT NULL,
    applied timestamp with time zone NOT NULL
);


ALTER TABLE public.django_migrations OWNER TO postgres;

--
-- Name: django_migrations_id_seq; Type: SEQUENCE; Schema: public; Owner: postgres
--

ALTER TABLE public.django_migrations ALTER COLUMN id ADD GENERATED BY DEFAULT AS IDENTITY (
    SEQUENCE NAME public.django_migrations_id_seq
    START WITH 1
    INCREMENT BY 1
    NO MINVALUE
    NO MAXVALUE
    CACHE 1
);


--
-- Name: django_session; Type: TABLE; Schema: public; Owner: postgres
--

CREATE TABLE public.django_session (
    session_key character varying(40) NOT NULL,
    session_data text NOT NULL,
    expire_date timestamp with time zone NOT NULL
);


ALTER TABLE public.django_session OWNER TO postgres;

--
-- Name: syllabus_aporte; Type: TABLE; Schema: public; Owner: postgres
--

CREATE TABLE public.syllabus_aporte (
    id bigint NOT NULL,
    aporte integer NOT NULL,
    actividades integer NOT NULL,
    examen integer NOT NULL,
    proyecto_final integer NOT NULL,
    total integer NOT NULL,
    syllabus_id uuid NOT NULL,
    CONSTRAINT syllabus_aporte_actividades_check CHECK ((actividades >= 0)),
    CONSTRAINT syllabus_aporte_aporte_check CHECK ((aporte >= 0)),
    CONSTRAINT syllabus_aporte_examen_check CHECK ((examen >= 0)),
    CONSTRAINT syllabus_aporte_proyecto_final_check CHECK ((proyecto_final >= 0)),
    CONSTRAINT syllabus_aporte_total_check CHECK ((total >= 0))
);


ALTER TABLE public.syllabus_aporte OWNER TO postgres;

--
-- Name: syllabus_aporte_id_seq; Type: SEQUENCE; Schema: public; Owner: postgres
--

ALTER TABLE public.syllabus_aporte ALTER COLUMN id ADD GENERATED BY DEFAULT AS IDENTITY (
    SEQUENCE NAME public.syllabus_aporte_id_seq
    START WITH 1
    INCREMENT BY 1
    NO MINVALUE
    NO MAXVALUE
    CACHE 1
);


--
-- Name: syllabus_contenido; Type: TABLE; Schema: public; Owner: postgres
--

CREATE TABLE public.syllabus_contenido (
    id bigint NOT NULL,
    semana integer NOT NULL,
    contenido text NOT NULL,
    actividades_docente text,
    horas_docente integer,
    actividades_practicas text,
    horas_practica integer,
    actividades_autonomas text,
    horas_autonomas integer,
    resultados text NOT NULL,
    evidencias text NOT NULL,
    observacion text,
    completado boolean NOT NULL,
    syllabus_id uuid NOT NULL,
    CONSTRAINT syllabus_contenido_horas_autonomas_check CHECK ((horas_autonomas >= 0)),
    CONSTRAINT syllabus_contenido_horas_docente_check CHECK ((horas_docente >= 0)),
    CONSTRAINT syllabus_contenido_horas_practica_check CHECK ((horas_practica >= 0)),
    CONSTRAINT syllabus_contenido_semana_check CHECK ((semana >= 0))
);


ALTER TABLE public.syllabus_contenido OWNER TO postgres;

--
-- Name: syllabus_contenido_id_seq; Type: SEQUENCE; Schema: public; Owner: postgres
--

ALTER TABLE public.syllabus_contenido ALTER COLUMN id ADD GENERATED BY DEFAULT AS IDENTITY (
    SEQUENCE NAME public.syllabus_contenido_id_seq
    START WITH 1
    INCREMENT BY 1
    NO MINVALUE
    NO MAXVALUE
    CACHE 1
);


--
-- Name: syllabus_silabo; Type: TABLE; Schema: public; Owner: postgres
--

CREATE TABLE public.syllabus_silabo (
    id uuid NOT NULL,
    codigo character varying(50) NOT NULL,
    fecha_creacion date NOT NULL,
    fecha_actualizacion date NOT NULL,
    facultad text NOT NULL,
    carrera text NOT NULL,
    anio_academico integer NOT NULL,
    periodo_academico character varying(20) NOT NULL,
    fecha_inicio date NOT NULL,
    fecha_finalizacion date NOT NULL,
    horario_clase character varying(50) NOT NULL,
    horas_tutorias integer,
    horario_tutorias character varying(50),
    caracterizacion_asignatura text NOT NULL,
    objetivos text NOT NULL,
    competencias_transversales text NOT NULL,
    competencias_profesionales text NOT NULL,
    metodologia text NOT NULL,
    evaluacion text NOT NULL,
    bibliografia text NOT NULL,
    anexos text,
    estado character varying(30) NOT NULL,
    asignatura_id character varying(50) NOT NULL,
    docente_id uuid,
    CONSTRAINT syllabus_silabo_anio_academico_check CHECK ((anio_academico >= 0)),
    CONSTRAINT syllabus_silabo_horas_tutorias_check CHECK ((horas_tutorias >= 0))
);


ALTER TABLE public.syllabus_silabo OWNER TO postgres;

--
-- Data for Name: accounts_customuser; Type: TABLE DATA; Schema: public; Owner: postgres
--

COPY public.accounts_customuser (password, last_login, is_superuser, username, first_name, last_name, email, is_staff, is_active, date_joined, id, formacion, rol_academico) FROM stdin;
pbkdf2_sha256$870000$NSvr91otryXDNg8dmRpOd7$8ThTQyGXu5hgznUUdg4rrG4DO5KSiNmj/mub3tIyT8Q=	2025-03-24 03:00:46.489218+00	t	danny	Josse Daniel	Egas Giron	dannysjossue07@hotmail.com	t	t	2025-03-24 00:43:58+00	2bdc823b-37a1-4d33-a65c-92df799ad773	- Ingenierio en software	part_time
\.


--
-- Data for Name: accounts_customuser_groups; Type: TABLE DATA; Schema: public; Owner: postgres
--

COPY public.accounts_customuser_groups (id, customuser_id, group_id) FROM stdin;
\.


--
-- Data for Name: accounts_customuser_user_permissions; Type: TABLE DATA; Schema: public; Owner: postgres
--

COPY public.accounts_customuser_user_permissions (id, customuser_id, permission_id) FROM stdin;
\.


--
-- Data for Name: asignaturas_asignatura; Type: TABLE DATA; Schema: public; Owner: postgres
--

COPY public.asignaturas_asignatura (codigo, nombre, eje_formacion, nivel_academico, creditos, total_horas) FROM stdin;
BDP701	Deontología profesional	Unidad Básica	7	3	96
BLE802	Liderazgo y emprendimiento	Unidad Básica	8	3	96
BAI-802	Auditoría Informática	Unidad Básica	8	2	96
BDP704	Diseño de proyecto de investigación	Unidad Básica	7	5	192
ITI-805	Trabajo de Integración Curricular	Unidad de Integración Curricular	8	5	80
PSE704	Seguridad Informática	Unidad Profesional	7	3	144
PSI703	Sistemas Inteligentes	Unidad Profesional	7	3	144
PAD603	Aplicaciones distribuidas	Unidad Profesional	6	3	144
PPN-803	Programación en la nube	Profesional	8	3	144
PGP-803	Gestión de Proyectos de Software	Profesional	8	3	144
PPS602	Proceso de software	Unidad Profesional	6	2	96
\.


--
-- Data for Name: asignaturas_asignatura_co_requisitos; Type: TABLE DATA; Schema: public; Owner: postgres
--

COPY public.asignaturas_asignatura_co_requisitos (id, from_asignatura_id, to_asignatura_id) FROM stdin;
1	PPN-803	PGP-803
2	BAI-802	PPN-803
3	BAI-802	PGP-803
\.


--
-- Data for Name: asignaturas_asignatura_pre_requisitos; Type: TABLE DATA; Schema: public; Owner: postgres
--

COPY public.asignaturas_asignatura_pre_requisitos (id, from_asignatura_id, to_asignatura_id) FROM stdin;
1	BLE802	BDP701
2	BAI-802	BDP701
3	ITI-805	BDP704
4	ITI-805	PSI703
5	PPN-803	PSE704
6	PPN-803	PAD603
7	PGP-803	PPS602
\.


--
-- Data for Name: asignaturas_docente; Type: TABLE DATA; Schema: public; Owner: postgres
--

COPY public.asignaturas_docente (id, asignatura_id, docente_id) FROM stdin;
1	PGP-803	2bdc823b-37a1-4d33-a65c-92df799ad773
2	PPN-803	2bdc823b-37a1-4d33-a65c-92df799ad773
3	PSI703	2bdc823b-37a1-4d33-a65c-92df799ad773
4	PAD603	2bdc823b-37a1-4d33-a65c-92df799ad773
\.


--
-- Data for Name: auth_group; Type: TABLE DATA; Schema: public; Owner: postgres
--

COPY public.auth_group (id, name) FROM stdin;
\.


--
-- Data for Name: auth_group_permissions; Type: TABLE DATA; Schema: public; Owner: postgres
--

COPY public.auth_group_permissions (id, group_id, permission_id) FROM stdin;
\.


--
-- Data for Name: auth_permission; Type: TABLE DATA; Schema: public; Owner: postgres
--

COPY public.auth_permission (id, name, content_type_id, codename) FROM stdin;
1	Can add log entry	1	add_logentry
2	Can change log entry	1	change_logentry
3	Can delete log entry	1	delete_logentry
4	Can view log entry	1	view_logentry
5	Can add permission	2	add_permission
6	Can change permission	2	change_permission
7	Can delete permission	2	delete_permission
8	Can view permission	2	view_permission
9	Can add group	3	add_group
10	Can change group	3	change_group
11	Can delete group	3	delete_group
12	Can view group	3	view_group
13	Can add content type	4	add_contenttype
14	Can change content type	4	change_contenttype
15	Can delete content type	4	delete_contenttype
16	Can view content type	4	view_contenttype
17	Can add session	5	add_session
18	Can change session	5	change_session
19	Can delete session	5	delete_session
20	Can view session	5	view_session
21	Can add user	6	add_customuser
22	Can change user	6	change_customuser
23	Can delete user	6	delete_customuser
24	Can view user	6	view_customuser
25	Can add asignatura	7	add_asignatura
26	Can change asignatura	7	change_asignatura
27	Can delete asignatura	7	delete_asignatura
28	Can view asignatura	7	view_asignatura
29	Can add docente	8	add_docente
30	Can change docente	8	change_docente
31	Can delete docente	8	delete_docente
32	Can view docente	8	view_docente
33	Can add silabo	9	add_silabo
34	Can change silabo	9	change_silabo
35	Can delete silabo	9	delete_silabo
36	Can view silabo	9	view_silabo
37	Can add contenido	10	add_contenido
38	Can change contenido	10	change_contenido
39	Can delete contenido	10	delete_contenido
40	Can view contenido	10	view_contenido
41	Can add aporte	11	add_aporte
42	Can change aporte	11	change_aporte
43	Can delete aporte	11	delete_aporte
44	Can view aporte	11	view_aporte
\.


--
-- Data for Name: django_admin_log; Type: TABLE DATA; Schema: public; Owner: postgres
--

COPY public.django_admin_log (id, action_time, object_id, object_repr, action_flag, change_message, content_type_id, user_id) FROM stdin;
1	2025-03-24 00:44:50.424379+00	2bdc823b-37a1-4d33-a65c-92df799ad773	Josse Daniel Egas Giron	2	[{"changed": {"fields": ["First name", "Last name", "Formacion", "Rol Acad\\u00e9mico de Docente"]}}]	6	2bdc823b-37a1-4d33-a65c-92df799ad773
2	2025-03-24 00:46:06.769899+00	PGP-803	PGP-803 - Gestión de Proyectos de Software	1	[{"added": {}}, {"added": {"name": "docente", "object": "Docente object (1)"}}]	7	2bdc823b-37a1-4d33-a65c-92df799ad773
3	2025-03-24 00:47:12.818711+00	ITI-805	ITI-805 - Trabajo de Integración Curricular	1	[{"added": {}}]	7	2bdc823b-37a1-4d33-a65c-92df799ad773
4	2025-03-24 00:48:00.781867+00	PPN-803	PPN-803 - Programación en la nube	1	[{"added": {}}, {"added": {"name": "docente", "object": "Docente object (2)"}}]	7	2bdc823b-37a1-4d33-a65c-92df799ad773
5	2025-03-24 00:49:27.346231+00	BAI-802	BAI-802 - Auditoría Informática	1	[{"added": {}}]	7	2bdc823b-37a1-4d33-a65c-92df799ad773
6	2025-03-24 00:53:26.048556+00	BLE802	BLE802 - Liderazgo y emprendimiento	1	[{"added": {}}]	7	2bdc823b-37a1-4d33-a65c-92df799ad773
7	2025-03-24 00:53:58.178477+00	BDP701	BDP701 - Deontología profesional	1	[{"added": {}}]	7	2bdc823b-37a1-4d33-a65c-92df799ad773
8	2025-03-24 00:54:12.017331+00	BLE802	BLE802 - Liderazgo y emprendimiento	2	[{"changed": {"fields": ["Pre requisitos"]}}]	7	2bdc823b-37a1-4d33-a65c-92df799ad773
9	2025-03-24 00:54:35.199548+00	BAI-802	BAI-802 - Auditoría Informática	2	[{"changed": {"fields": ["Pre requisitos"]}}]	7	2bdc823b-37a1-4d33-a65c-92df799ad773
10	2025-03-24 00:56:14.64399+00	BDP704	BDP704 - Diseño de prpyecto de investigación	1	[{"added": {}}]	7	2bdc823b-37a1-4d33-a65c-92df799ad773
11	2025-03-24 00:56:29.281907+00	ITI-805	ITI-805 - Trabajo de Integración Curricular	2	[{"changed": {"fields": ["Pre requisitos"]}}]	7	2bdc823b-37a1-4d33-a65c-92df799ad773
12	2025-03-24 00:56:37.335924+00	BDP704	BDP704 - Diseño de proyecto de investigación	2	[{"changed": {"fields": ["Nombre"]}}]	7	2bdc823b-37a1-4d33-a65c-92df799ad773
13	2025-03-24 00:57:24.93218+00	PSI703	PSI703 - Sistemas Inteligentes	1	[{"added": {}}]	7	2bdc823b-37a1-4d33-a65c-92df799ad773
14	2025-03-24 00:57:35.537084+00	ITI-805	ITI-805 - Trabajo de Integración Curricular	2	[{"changed": {"fields": ["Pre requisitos"]}}]	7	2bdc823b-37a1-4d33-a65c-92df799ad773
15	2025-03-24 00:58:37.819747+00	PSE704	PSE704 - Seguridad Informática	1	[{"added": {}}]	7	2bdc823b-37a1-4d33-a65c-92df799ad773
16	2025-03-24 00:59:04.139545+00	PPN-803	PPN-803 - Programación en la nube	2	[{"changed": {"fields": ["Pre requisitos"]}}]	7	2bdc823b-37a1-4d33-a65c-92df799ad773
17	2025-03-24 00:59:32.676071+00	PSI703	PSI703 - Sistemas Inteligentes	2	[{"added": {"name": "docente", "object": "Docente object (3)"}}]	7	2bdc823b-37a1-4d33-a65c-92df799ad773
18	2025-03-24 01:02:03.871829+00	PAD603	PAD603 - Aplicaciones distribuidas	1	[{"added": {}}, {"added": {"name": "docente", "object": "Docente object (4)"}}]	7	2bdc823b-37a1-4d33-a65c-92df799ad773
19	2025-03-24 01:02:17.077227+00	PPN-803	PPN-803 - Programación en la nube	2	[{"changed": {"fields": ["Pre requisitos"]}}]	7	2bdc823b-37a1-4d33-a65c-92df799ad773
20	2025-03-24 01:03:41.711603+00	PPS602	PPS602 - Peoceso de software	1	[{"added": {}}]	7	2bdc823b-37a1-4d33-a65c-92df799ad773
21	2025-03-24 01:03:52.820787+00	PGP-803	PGP-803 - Gestión de Proyectos de Software	2	[{"changed": {"fields": ["Pre requisitos"]}}]	7	2bdc823b-37a1-4d33-a65c-92df799ad773
22	2025-03-24 01:03:59.314363+00	PPS602	PPS602 - Proceso de software	2	[{"changed": {"fields": ["Nombre"]}}]	7	2bdc823b-37a1-4d33-a65c-92df799ad773
\.


--
-- Data for Name: django_content_type; Type: TABLE DATA; Schema: public; Owner: postgres
--

COPY public.django_content_type (id, app_label, model) FROM stdin;
1	admin	logentry
2	auth	permission
3	auth	group
4	contenttypes	contenttype
5	sessions	session
6	accounts	customuser
7	asignaturas	asignatura
8	asignaturas	docente
9	syllabus	silabo
10	syllabus	contenido
11	syllabus	aporte
\.


--
-- Data for Name: django_migrations; Type: TABLE DATA; Schema: public; Owner: postgres
--

COPY public.django_migrations (id, app, name, applied) FROM stdin;
1	contenttypes	0001_initial	2025-03-24 00:43:02.031396+00
2	contenttypes	0002_remove_content_type_name	2025-03-24 00:43:02.055427+00
3	auth	0001_initial	2025-03-24 00:43:02.109598+00
4	auth	0002_alter_permission_name_max_length	2025-03-24 00:43:02.135234+00
5	auth	0003_alter_user_email_max_length	2025-03-24 00:43:02.161299+00
6	auth	0004_alter_user_username_opts	2025-03-24 00:43:02.195157+00
7	auth	0005_alter_user_last_login_null	2025-03-24 00:43:02.214911+00
8	auth	0006_require_contenttypes_0002	2025-03-24 00:43:02.221174+00
9	auth	0007_alter_validators_add_error_messages	2025-03-24 00:43:02.248097+00
10	auth	0008_alter_user_username_max_length	2025-03-24 00:43:02.260566+00
11	auth	0009_alter_user_last_name_max_length	2025-03-24 00:43:02.269926+00
12	auth	0010_alter_group_name_max_length	2025-03-24 00:43:02.281372+00
13	auth	0011_update_proxy_permissions	2025-03-24 00:43:02.291852+00
14	auth	0012_alter_user_first_name_max_length	2025-03-24 00:43:02.302576+00
15	accounts	0001_initial	2025-03-24 00:43:02.343972+00
16	admin	0001_initial	2025-03-24 00:43:02.399815+00
17	admin	0002_logentry_remove_auto_add	2025-03-24 00:43:02.431943+00
18	admin	0003_logentry_add_action_flag_choices	2025-03-24 00:43:02.459711+00
19	asignaturas	0001_initial	2025-03-24 00:43:02.477768+00
20	asignaturas	0002_rename_totla_horas_asignatura_total_horas	2025-03-24 00:43:02.494349+00
21	asignaturas	0003_alter_asignatura_co_requisitos_and_more	2025-03-24 00:43:02.504192+00
22	asignaturas	0004_docente	2025-03-24 00:43:02.545019+00
23	asignaturas	0005_remove_asignatura_pre_requisitos_and_more	2025-03-24 00:43:02.645192+00
24	asignaturas	0006_remove_asignatura_co_requisitos_and_more	2025-03-24 00:43:02.712152+00
25	sessions	0001_initial	2025-03-24 00:43:02.736617+00
26	syllabus	0001_initial	2025-03-24 00:43:02.815695+00
\.


--
-- Data for Name: django_session; Type: TABLE DATA; Schema: public; Owner: postgres
--

COPY public.django_session (session_key, session_data, expire_date) FROM stdin;
llx3no2ju7bl9uoiwkvj8nfhihg6jr5p	.eJxVjDkOgkAUQO8ytUyYje-3tPcM5C8zghpIWCrj3YWEQuu3vE1L69K165yntldzMZ5Vzj5wFYBcFTWEipokFXotgEgKEMzpN2OSZx72Vh803Ecr47BMPdtdsQed7W3U_Loe7t-go7nbailnl2uPyUdF4YBOGkyFkDmBRPYRkZ0AlBoKc9Am0YYT5lopSzKfLwPzQeo:1twXHL:g26Lwp_XJ078S1nZhP4drnTf6ypRAC1ILSJZOVyygOs	2025-04-07 02:11:03.550228+00
\.


--
-- Data for Name: syllabus_aporte; Type: TABLE DATA; Schema: public; Owner: postgres
--

COPY public.syllabus_aporte (id, aporte, actividades, examen, proyecto_final, total, syllabus_id) FROM stdin;
\.


--
-- Data for Name: syllabus_contenido; Type: TABLE DATA; Schema: public; Owner: postgres
--

COPY public.syllabus_contenido (id, semana, contenido, actividades_docente, horas_docente, actividades_practicas, horas_practica, actividades_autonomas, horas_autonomas, resultados, evidencias, observacion, completado, syllabus_id) FROM stdin;
\.


--
-- Data for Name: syllabus_silabo; Type: TABLE DATA; Schema: public; Owner: postgres
--

COPY public.syllabus_silabo (id, codigo, fecha_creacion, fecha_actualizacion, facultad, carrera, anio_academico, periodo_academico, fecha_inicio, fecha_finalizacion, horario_clase, horas_tutorias, horario_tutorias, caracterizacion_asignatura, objetivos, competencias_transversales, competencias_profesionales, metodologia, evaluacion, bibliografia, anexos, estado, asignatura_id, docente_id) FROM stdin;
\.


--
-- Name: accounts_customuser_groups_id_seq; Type: SEQUENCE SET; Schema: public; Owner: postgres
--

SELECT pg_catalog.setval('public.accounts_customuser_groups_id_seq', 1, false);


--
-- Name: accounts_customuser_user_permissions_id_seq; Type: SEQUENCE SET; Schema: public; Owner: postgres
--

SELECT pg_catalog.setval('public.accounts_customuser_user_permissions_id_seq', 1, false);


--
-- Name: asignaturas_asignatura_co_requisitos_id_seq; Type: SEQUENCE SET; Schema: public; Owner: postgres
--

SELECT pg_catalog.setval('public.asignaturas_asignatura_co_requisitos_id_seq', 3, true);


--
-- Name: asignaturas_asignatura_pre_requisitos_id_seq; Type: SEQUENCE SET; Schema: public; Owner: postgres
--

SELECT pg_catalog.setval('public.asignaturas_asignatura_pre_requisitos_id_seq', 7, true);


--
-- Name: asignaturas_docente_id_seq; Type: SEQUENCE SET; Schema: public; Owner: postgres
--

SELECT pg_catalog.setval('public.asignaturas_docente_id_seq', 4, true);


--
-- Name: auth_group_id_seq; Type: SEQUENCE SET; Schema: public; Owner: postgres
--

SELECT pg_catalog.setval('public.auth_group_id_seq', 1, false);


--
-- Name: auth_group_permissions_id_seq; Type: SEQUENCE SET; Schema: public; Owner: postgres
--

SELECT pg_catalog.setval('public.auth_group_permissions_id_seq', 1, false);


--
-- Name: auth_permission_id_seq; Type: SEQUENCE SET; Schema: public; Owner: postgres
--

SELECT pg_catalog.setval('public.auth_permission_id_seq', 44, true);


--
-- Name: django_admin_log_id_seq; Type: SEQUENCE SET; Schema: public; Owner: postgres
--

SELECT pg_catalog.setval('public.django_admin_log_id_seq', 22, true);


--
-- Name: django_content_type_id_seq; Type: SEQUENCE SET; Schema: public; Owner: postgres
--

SELECT pg_catalog.setval('public.django_content_type_id_seq', 11, true);


--
-- Name: django_migrations_id_seq; Type: SEQUENCE SET; Schema: public; Owner: postgres
--

SELECT pg_catalog.setval('public.django_migrations_id_seq', 26, true);


--
-- Name: syllabus_aporte_id_seq; Type: SEQUENCE SET; Schema: public; Owner: postgres
--

SELECT pg_catalog.setval('public.syllabus_aporte_id_seq', 1, false);


--
-- Name: syllabus_contenido_id_seq; Type: SEQUENCE SET; Schema: public; Owner: postgres
--

SELECT pg_catalog.setval('public.syllabus_contenido_id_seq', 1, false);


--
-- Name: accounts_customuser_groups accounts_customuser_groups_customuser_id_group_id_c074bdcb_uniq; Type: CONSTRAINT; Schema: public; Owner: postgres
--

ALTER TABLE ONLY public.accounts_customuser_groups
    ADD CONSTRAINT accounts_customuser_groups_customuser_id_group_id_c074bdcb_uniq UNIQUE (customuser_id, group_id);


--
-- Name: accounts_customuser_groups accounts_customuser_groups_pkey; Type: CONSTRAINT; Schema: public; Owner: postgres
--

ALTER TABLE ONLY public.accounts_customuser_groups
    ADD CONSTRAINT accounts_customuser_groups_pkey PRIMARY KEY (id);


--
-- Name: accounts_customuser accounts_customuser_pkey; Type: CONSTRAINT; Schema: public; Owner: postgres
--

ALTER TABLE ONLY public.accounts_customuser
    ADD CONSTRAINT accounts_customuser_pkey PRIMARY KEY (id);


--
-- Name: accounts_customuser_user_permissions accounts_customuser_user_customuser_id_permission_9632a709_uniq; Type: CONSTRAINT; Schema: public; Owner: postgres
--

ALTER TABLE ONLY public.accounts_customuser_user_permissions
    ADD CONSTRAINT accounts_customuser_user_customuser_id_permission_9632a709_uniq UNIQUE (customuser_id, permission_id);


--
-- Name: accounts_customuser_user_permissions accounts_customuser_user_permissions_pkey; Type: CONSTRAINT; Schema: public; Owner: postgres
--

ALTER TABLE ONLY public.accounts_customuser_user_permissions
    ADD CONSTRAINT accounts_customuser_user_permissions_pkey PRIMARY KEY (id);


--
-- Name: accounts_customuser accounts_customuser_username_key; Type: CONSTRAINT; Schema: public; Owner: postgres
--

ALTER TABLE ONLY public.accounts_customuser
    ADD CONSTRAINT accounts_customuser_username_key UNIQUE (username);


--
-- Name: asignaturas_asignatura_co_requisitos asignaturas_asignatura_c_from_asignatura_id_to_as_39a4782a_uniq; Type: CONSTRAINT; Schema: public; Owner: postgres
--

ALTER TABLE ONLY public.asignaturas_asignatura_co_requisitos
    ADD CONSTRAINT asignaturas_asignatura_c_from_asignatura_id_to_as_39a4782a_uniq UNIQUE (from_asignatura_id, to_asignatura_id);


--
-- Name: asignaturas_asignatura_co_requisitos asignaturas_asignatura_co_requisitos_pkey; Type: CONSTRAINT; Schema: public; Owner: postgres
--

ALTER TABLE ONLY public.asignaturas_asignatura_co_requisitos
    ADD CONSTRAINT asignaturas_asignatura_co_requisitos_pkey PRIMARY KEY (id);


--
-- Name: asignaturas_asignatura_pre_requisitos asignaturas_asignatura_p_from_asignatura_id_to_as_890f2725_uniq; Type: CONSTRAINT; Schema: public; Owner: postgres
--

ALTER TABLE ONLY public.asignaturas_asignatura_pre_requisitos
    ADD CONSTRAINT asignaturas_asignatura_p_from_asignatura_id_to_as_890f2725_uniq UNIQUE (from_asignatura_id, to_asignatura_id);


--
-- Name: asignaturas_asignatura asignaturas_asignatura_pkey; Type: CONSTRAINT; Schema: public; Owner: postgres
--

ALTER TABLE ONLY public.asignaturas_asignatura
    ADD CONSTRAINT asignaturas_asignatura_pkey PRIMARY KEY (codigo);


--
-- Name: asignaturas_asignatura_pre_requisitos asignaturas_asignatura_pre_requisitos_pkey; Type: CONSTRAINT; Schema: public; Owner: postgres
--

ALTER TABLE ONLY public.asignaturas_asignatura_pre_requisitos
    ADD CONSTRAINT asignaturas_asignatura_pre_requisitos_pkey PRIMARY KEY (id);


--
-- Name: asignaturas_docente asignaturas_docente_pkey; Type: CONSTRAINT; Schema: public; Owner: postgres
--

ALTER TABLE ONLY public.asignaturas_docente
    ADD CONSTRAINT asignaturas_docente_pkey PRIMARY KEY (id);


--
-- Name: auth_group auth_group_name_key; Type: CONSTRAINT; Schema: public; Owner: postgres
--

ALTER TABLE ONLY public.auth_group
    ADD CONSTRAINT auth_group_name_key UNIQUE (name);


--
-- Name: auth_group_permissions auth_group_permissions_group_id_permission_id_0cd325b0_uniq; Type: CONSTRAINT; Schema: public; Owner: postgres
--

ALTER TABLE ONLY public.auth_group_permissions
    ADD CONSTRAINT auth_group_permissions_group_id_permission_id_0cd325b0_uniq UNIQUE (group_id, permission_id);


--
-- Name: auth_group_permissions auth_group_permissions_pkey; Type: CONSTRAINT; Schema: public; Owner: postgres
--

ALTER TABLE ONLY public.auth_group_permissions
    ADD CONSTRAINT auth_group_permissions_pkey PRIMARY KEY (id);


--
-- Name: auth_group auth_group_pkey; Type: CONSTRAINT; Schema: public; Owner: postgres
--

ALTER TABLE ONLY public.auth_group
    ADD CONSTRAINT auth_group_pkey PRIMARY KEY (id);


--
-- Name: auth_permission auth_permission_content_type_id_codename_01ab375a_uniq; Type: CONSTRAINT; Schema: public; Owner: postgres
--

ALTER TABLE ONLY public.auth_permission
    ADD CONSTRAINT auth_permission_content_type_id_codename_01ab375a_uniq UNIQUE (content_type_id, codename);


--
-- Name: auth_permission auth_permission_pkey; Type: CONSTRAINT; Schema: public; Owner: postgres
--

ALTER TABLE ONLY public.auth_permission
    ADD CONSTRAINT auth_permission_pkey PRIMARY KEY (id);


--
-- Name: django_admin_log django_admin_log_pkey; Type: CONSTRAINT; Schema: public; Owner: postgres
--

ALTER TABLE ONLY public.django_admin_log
    ADD CONSTRAINT django_admin_log_pkey PRIMARY KEY (id);


--
-- Name: django_content_type django_content_type_app_label_model_76bd3d3b_uniq; Type: CONSTRAINT; Schema: public; Owner: postgres
--

ALTER TABLE ONLY public.django_content_type
    ADD CONSTRAINT django_content_type_app_label_model_76bd3d3b_uniq UNIQUE (app_label, model);


--
-- Name: django_content_type django_content_type_pkey; Type: CONSTRAINT; Schema: public; Owner: postgres
--

ALTER TABLE ONLY public.django_content_type
    ADD CONSTRAINT django_content_type_pkey PRIMARY KEY (id);


--
-- Name: django_migrations django_migrations_pkey; Type: CONSTRAINT; Schema: public; Owner: postgres
--

ALTER TABLE ONLY public.django_migrations
    ADD CONSTRAINT django_migrations_pkey PRIMARY KEY (id);


--
-- Name: django_session django_session_pkey; Type: CONSTRAINT; Schema: public; Owner: postgres
--

ALTER TABLE ONLY public.django_session
    ADD CONSTRAINT django_session_pkey PRIMARY KEY (session_key);


--
-- Name: syllabus_aporte syllabus_aporte_pkey; Type: CONSTRAINT; Schema: public; Owner: postgres
--

ALTER TABLE ONLY public.syllabus_aporte
    ADD CONSTRAINT syllabus_aporte_pkey PRIMARY KEY (id);


--
-- Name: syllabus_contenido syllabus_contenido_pkey; Type: CONSTRAINT; Schema: public; Owner: postgres
--

ALTER TABLE ONLY public.syllabus_contenido
    ADD CONSTRAINT syllabus_contenido_pkey PRIMARY KEY (id);


--
-- Name: syllabus_silabo syllabus_silabo_pkey; Type: CONSTRAINT; Schema: public; Owner: postgres
--

ALTER TABLE ONLY public.syllabus_silabo
    ADD CONSTRAINT syllabus_silabo_pkey PRIMARY KEY (id);


--
-- Name: accounts_customuser_groups_customuser_id_bc55088e; Type: INDEX; Schema: public; Owner: postgres
--

CREATE INDEX accounts_customuser_groups_customuser_id_bc55088e ON public.accounts_customuser_groups USING btree (customuser_id);


--
-- Name: accounts_customuser_groups_group_id_86ba5f9e; Type: INDEX; Schema: public; Owner: postgres
--

CREATE INDEX accounts_customuser_groups_group_id_86ba5f9e ON public.accounts_customuser_groups USING btree (group_id);


--
-- Name: accounts_customuser_user_permissions_customuser_id_0deaefae; Type: INDEX; Schema: public; Owner: postgres
--

CREATE INDEX accounts_customuser_user_permissions_customuser_id_0deaefae ON public.accounts_customuser_user_permissions USING btree (customuser_id);


--
-- Name: accounts_customuser_user_permissions_permission_id_aea3d0e5; Type: INDEX; Schema: public; Owner: postgres
--

CREATE INDEX accounts_customuser_user_permissions_permission_id_aea3d0e5 ON public.accounts_customuser_user_permissions USING btree (permission_id);


--
-- Name: accounts_customuser_username_722f3555_like; Type: INDEX; Schema: public; Owner: postgres
--

CREATE INDEX accounts_customuser_username_722f3555_like ON public.accounts_customuser USING btree (username varchar_pattern_ops);


--
-- Name: asignaturas_asignatura_c_from_asignatura_id_06d52ec9_like; Type: INDEX; Schema: public; Owner: postgres
--

CREATE INDEX asignaturas_asignatura_c_from_asignatura_id_06d52ec9_like ON public.asignaturas_asignatura_co_requisitos USING btree (from_asignatura_id varchar_pattern_ops);


--
-- Name: asignaturas_asignatura_c_to_asignatura_id_541e1654_like; Type: INDEX; Schema: public; Owner: postgres
--

CREATE INDEX asignaturas_asignatura_c_to_asignatura_id_541e1654_like ON public.asignaturas_asignatura_co_requisitos USING btree (to_asignatura_id varchar_pattern_ops);


--
-- Name: asignaturas_asignatura_co__from_asignatura_id_06d52ec9; Type: INDEX; Schema: public; Owner: postgres
--

CREATE INDEX asignaturas_asignatura_co__from_asignatura_id_06d52ec9 ON public.asignaturas_asignatura_co_requisitos USING btree (from_asignatura_id);


--
-- Name: asignaturas_asignatura_co_requisitos_to_asignatura_id_541e1654; Type: INDEX; Schema: public; Owner: postgres
--

CREATE INDEX asignaturas_asignatura_co_requisitos_to_asignatura_id_541e1654 ON public.asignaturas_asignatura_co_requisitos USING btree (to_asignatura_id);


--
-- Name: asignaturas_asignatura_codigo_297a40ff_like; Type: INDEX; Schema: public; Owner: postgres
--

CREATE INDEX asignaturas_asignatura_codigo_297a40ff_like ON public.asignaturas_asignatura USING btree (codigo varchar_pattern_ops);


--
-- Name: asignaturas_asignatura_p_from_asignatura_id_9c1344ef_like; Type: INDEX; Schema: public; Owner: postgres
--

CREATE INDEX asignaturas_asignatura_p_from_asignatura_id_9c1344ef_like ON public.asignaturas_asignatura_pre_requisitos USING btree (from_asignatura_id varchar_pattern_ops);


--
-- Name: asignaturas_asignatura_p_to_asignatura_id_53f5d67c_like; Type: INDEX; Schema: public; Owner: postgres
--

CREATE INDEX asignaturas_asignatura_p_to_asignatura_id_53f5d67c_like ON public.asignaturas_asignatura_pre_requisitos USING btree (to_asignatura_id varchar_pattern_ops);


--
-- Name: asignaturas_asignatura_pre_from_asignatura_id_9c1344ef; Type: INDEX; Schema: public; Owner: postgres
--

CREATE INDEX asignaturas_asignatura_pre_from_asignatura_id_9c1344ef ON public.asignaturas_asignatura_pre_requisitos USING btree (from_asignatura_id);


--
-- Name: asignaturas_asignatura_pre_requisitos_to_asignatura_id_53f5d67c; Type: INDEX; Schema: public; Owner: postgres
--

CREATE INDEX asignaturas_asignatura_pre_requisitos_to_asignatura_id_53f5d67c ON public.asignaturas_asignatura_pre_requisitos USING btree (to_asignatura_id);


--
-- Name: asignaturas_docente_asignatura_id_f8c36eef; Type: INDEX; Schema: public; Owner: postgres
--

CREATE INDEX asignaturas_docente_asignatura_id_f8c36eef ON public.asignaturas_docente USING btree (asignatura_id);


--
-- Name: asignaturas_docente_asignatura_id_f8c36eef_like; Type: INDEX; Schema: public; Owner: postgres
--

CREATE INDEX asignaturas_docente_asignatura_id_f8c36eef_like ON public.asignaturas_docente USING btree (asignatura_id varchar_pattern_ops);


--
-- Name: asignaturas_docente_docente_id_dbff5a91; Type: INDEX; Schema: public; Owner: postgres
--

CREATE INDEX asignaturas_docente_docente_id_dbff5a91 ON public.asignaturas_docente USING btree (docente_id);


--
-- Name: auth_group_name_a6ea08ec_like; Type: INDEX; Schema: public; Owner: postgres
--

CREATE INDEX auth_group_name_a6ea08ec_like ON public.auth_group USING btree (name varchar_pattern_ops);


--
-- Name: auth_group_permissions_group_id_b120cbf9; Type: INDEX; Schema: public; Owner: postgres
--

CREATE INDEX auth_group_permissions_group_id_b120cbf9 ON public.auth_group_permissions USING btree (group_id);


--
-- Name: auth_group_permissions_permission_id_84c5c92e; Type: INDEX; Schema: public; Owner: postgres
--

CREATE INDEX auth_group_permissions_permission_id_84c5c92e ON public.auth_group_permissions USING btree (permission_id);


--
-- Name: auth_permission_content_type_id_2f476e4b; Type: INDEX; Schema: public; Owner: postgres
--

CREATE INDEX auth_permission_content_type_id_2f476e4b ON public.auth_permission USING btree (content_type_id);


--
-- Name: django_admin_log_content_type_id_c4bce8eb; Type: INDEX; Schema: public; Owner: postgres
--

CREATE INDEX django_admin_log_content_type_id_c4bce8eb ON public.django_admin_log USING btree (content_type_id);


--
-- Name: django_admin_log_user_id_c564eba6; Type: INDEX; Schema: public; Owner: postgres
--

CREATE INDEX django_admin_log_user_id_c564eba6 ON public.django_admin_log USING btree (user_id);


--
-- Name: django_session_expire_date_a5c62663; Type: INDEX; Schema: public; Owner: postgres
--

CREATE INDEX django_session_expire_date_a5c62663 ON public.django_session USING btree (expire_date);


--
-- Name: django_session_session_key_c0390e0f_like; Type: INDEX; Schema: public; Owner: postgres
--

CREATE INDEX django_session_session_key_c0390e0f_like ON public.django_session USING btree (session_key varchar_pattern_ops);


--
-- Name: syllabus_aporte_syllabus_id_292346ef; Type: INDEX; Schema: public; Owner: postgres
--

CREATE INDEX syllabus_aporte_syllabus_id_292346ef ON public.syllabus_aporte USING btree (syllabus_id);


--
-- Name: syllabus_contenido_syllabus_id_7b0b57a2; Type: INDEX; Schema: public; Owner: postgres
--

CREATE INDEX syllabus_contenido_syllabus_id_7b0b57a2 ON public.syllabus_contenido USING btree (syllabus_id);


--
-- Name: syllabus_silabo_asignatura_id_4fb5b453; Type: INDEX; Schema: public; Owner: postgres
--

CREATE INDEX syllabus_silabo_asignatura_id_4fb5b453 ON public.syllabus_silabo USING btree (asignatura_id);


--
-- Name: syllabus_silabo_asignatura_id_4fb5b453_like; Type: INDEX; Schema: public; Owner: postgres
--

CREATE INDEX syllabus_silabo_asignatura_id_4fb5b453_like ON public.syllabus_silabo USING btree (asignatura_id varchar_pattern_ops);


--
-- Name: syllabus_silabo_docente_id_4a5b8870; Type: INDEX; Schema: public; Owner: postgres
--

CREATE INDEX syllabus_silabo_docente_id_4a5b8870 ON public.syllabus_silabo USING btree (docente_id);


--
-- Name: accounts_customuser_user_permissions accounts_customuser__customuser_id_0deaefae_fk_accounts_; Type: FK CONSTRAINT; Schema: public; Owner: postgres
--

ALTER TABLE ONLY public.accounts_customuser_user_permissions
    ADD CONSTRAINT accounts_customuser__customuser_id_0deaefae_fk_accounts_ FOREIGN KEY (customuser_id) REFERENCES public.accounts_customuser(id) DEFERRABLE INITIALLY DEFERRED;


--
-- Name: accounts_customuser_groups accounts_customuser__customuser_id_bc55088e_fk_accounts_; Type: FK CONSTRAINT; Schema: public; Owner: postgres
--

ALTER TABLE ONLY public.accounts_customuser_groups
    ADD CONSTRAINT accounts_customuser__customuser_id_bc55088e_fk_accounts_ FOREIGN KEY (customuser_id) REFERENCES public.accounts_customuser(id) DEFERRABLE INITIALLY DEFERRED;


--
-- Name: accounts_customuser_user_permissions accounts_customuser__permission_id_aea3d0e5_fk_auth_perm; Type: FK CONSTRAINT; Schema: public; Owner: postgres
--

ALTER TABLE ONLY public.accounts_customuser_user_permissions
    ADD CONSTRAINT accounts_customuser__permission_id_aea3d0e5_fk_auth_perm FOREIGN KEY (permission_id) REFERENCES public.auth_permission(id) DEFERRABLE INITIALLY DEFERRED;


--
-- Name: accounts_customuser_groups accounts_customuser_groups_group_id_86ba5f9e_fk_auth_group_id; Type: FK CONSTRAINT; Schema: public; Owner: postgres
--

ALTER TABLE ONLY public.accounts_customuser_groups
    ADD CONSTRAINT accounts_customuser_groups_group_id_86ba5f9e_fk_auth_group_id FOREIGN KEY (group_id) REFERENCES public.auth_group(id) DEFERRABLE INITIALLY DEFERRED;


--
-- Name: asignaturas_asignatura_co_requisitos asignaturas_asignatu_from_asignatura_id_06d52ec9_fk_asignatur; Type: FK CONSTRAINT; Schema: public; Owner: postgres
--

ALTER TABLE ONLY public.asignaturas_asignatura_co_requisitos
    ADD CONSTRAINT asignaturas_asignatu_from_asignatura_id_06d52ec9_fk_asignatur FOREIGN KEY (from_asignatura_id) REFERENCES public.asignaturas_asignatura(codigo) DEFERRABLE INITIALLY DEFERRED;


--
-- Name: asignaturas_asignatura_pre_requisitos asignaturas_asignatu_from_asignatura_id_9c1344ef_fk_asignatur; Type: FK CONSTRAINT; Schema: public; Owner: postgres
--

ALTER TABLE ONLY public.asignaturas_asignatura_pre_requisitos
    ADD CONSTRAINT asignaturas_asignatu_from_asignatura_id_9c1344ef_fk_asignatur FOREIGN KEY (from_asignatura_id) REFERENCES public.asignaturas_asignatura(codigo) DEFERRABLE INITIALLY DEFERRED;


--
-- Name: asignaturas_asignatura_pre_requisitos asignaturas_asignatu_to_asignatura_id_53f5d67c_fk_asignatur; Type: FK CONSTRAINT; Schema: public; Owner: postgres
--

ALTER TABLE ONLY public.asignaturas_asignatura_pre_requisitos
    ADD CONSTRAINT asignaturas_asignatu_to_asignatura_id_53f5d67c_fk_asignatur FOREIGN KEY (to_asignatura_id) REFERENCES public.asignaturas_asignatura(codigo) DEFERRABLE INITIALLY DEFERRED;


--
-- Name: asignaturas_asignatura_co_requisitos asignaturas_asignatu_to_asignatura_id_541e1654_fk_asignatur; Type: FK CONSTRAINT; Schema: public; Owner: postgres
--

ALTER TABLE ONLY public.asignaturas_asignatura_co_requisitos
    ADD CONSTRAINT asignaturas_asignatu_to_asignatura_id_541e1654_fk_asignatur FOREIGN KEY (to_asignatura_id) REFERENCES public.asignaturas_asignatura(codigo) DEFERRABLE INITIALLY DEFERRED;


--
-- Name: asignaturas_docente asignaturas_docente_asignatura_id_f8c36eef_fk_asignatur; Type: FK CONSTRAINT; Schema: public; Owner: postgres
--

ALTER TABLE ONLY public.asignaturas_docente
    ADD CONSTRAINT asignaturas_docente_asignatura_id_f8c36eef_fk_asignatur FOREIGN KEY (asignatura_id) REFERENCES public.asignaturas_asignatura(codigo) DEFERRABLE INITIALLY DEFERRED;


--
-- Name: asignaturas_docente asignaturas_docente_docente_id_dbff5a91_fk_accounts_; Type: FK CONSTRAINT; Schema: public; Owner: postgres
--

ALTER TABLE ONLY public.asignaturas_docente
    ADD CONSTRAINT asignaturas_docente_docente_id_dbff5a91_fk_accounts_ FOREIGN KEY (docente_id) REFERENCES public.accounts_customuser(id) DEFERRABLE INITIALLY DEFERRED;


--
-- Name: auth_group_permissions auth_group_permissio_permission_id_84c5c92e_fk_auth_perm; Type: FK CONSTRAINT; Schema: public; Owner: postgres
--

ALTER TABLE ONLY public.auth_group_permissions
    ADD CONSTRAINT auth_group_permissio_permission_id_84c5c92e_fk_auth_perm FOREIGN KEY (permission_id) REFERENCES public.auth_permission(id) DEFERRABLE INITIALLY DEFERRED;


--
-- Name: auth_group_permissions auth_group_permissions_group_id_b120cbf9_fk_auth_group_id; Type: FK CONSTRAINT; Schema: public; Owner: postgres
--

ALTER TABLE ONLY public.auth_group_permissions
    ADD CONSTRAINT auth_group_permissions_group_id_b120cbf9_fk_auth_group_id FOREIGN KEY (group_id) REFERENCES public.auth_group(id) DEFERRABLE INITIALLY DEFERRED;


--
-- Name: auth_permission auth_permission_content_type_id_2f476e4b_fk_django_co; Type: FK CONSTRAINT; Schema: public; Owner: postgres
--

ALTER TABLE ONLY public.auth_permission
    ADD CONSTRAINT auth_permission_content_type_id_2f476e4b_fk_django_co FOREIGN KEY (content_type_id) REFERENCES public.django_content_type(id) DEFERRABLE INITIALLY DEFERRED;


--
-- Name: django_admin_log django_admin_log_content_type_id_c4bce8eb_fk_django_co; Type: FK CONSTRAINT; Schema: public; Owner: postgres
--

ALTER TABLE ONLY public.django_admin_log
    ADD CONSTRAINT django_admin_log_content_type_id_c4bce8eb_fk_django_co FOREIGN KEY (content_type_id) REFERENCES public.django_content_type(id) DEFERRABLE INITIALLY DEFERRED;


--
-- Name: django_admin_log django_admin_log_user_id_c564eba6_fk_accounts_customuser_id; Type: FK CONSTRAINT; Schema: public; Owner: postgres
--

ALTER TABLE ONLY public.django_admin_log
    ADD CONSTRAINT django_admin_log_user_id_c564eba6_fk_accounts_customuser_id FOREIGN KEY (user_id) REFERENCES public.accounts_customuser(id) DEFERRABLE INITIALLY DEFERRED;


--
-- Name: syllabus_aporte syllabus_aporte_syllabus_id_292346ef_fk_syllabus_silabo_id; Type: FK CONSTRAINT; Schema: public; Owner: postgres
--

ALTER TABLE ONLY public.syllabus_aporte
    ADD CONSTRAINT syllabus_aporte_syllabus_id_292346ef_fk_syllabus_silabo_id FOREIGN KEY (syllabus_id) REFERENCES public.syllabus_silabo(id) DEFERRABLE INITIALLY DEFERRED;


--
-- Name: syllabus_contenido syllabus_contenido_syllabus_id_7b0b57a2_fk_syllabus_silabo_id; Type: FK CONSTRAINT; Schema: public; Owner: postgres
--

ALTER TABLE ONLY public.syllabus_contenido
    ADD CONSTRAINT syllabus_contenido_syllabus_id_7b0b57a2_fk_syllabus_silabo_id FOREIGN KEY (syllabus_id) REFERENCES public.syllabus_silabo(id) DEFERRABLE INITIALLY DEFERRED;


--
-- Name: syllabus_silabo syllabus_silabo_asignatura_id_4fb5b453_fk_asignatur; Type: FK CONSTRAINT; Schema: public; Owner: postgres
--

ALTER TABLE ONLY public.syllabus_silabo
    ADD CONSTRAINT syllabus_silabo_asignatura_id_4fb5b453_fk_asignatur FOREIGN KEY (asignatura_id) REFERENCES public.asignaturas_asignatura(codigo) DEFERRABLE INITIALLY DEFERRED;


--
-- Name: syllabus_silabo syllabus_silabo_docente_id_4a5b8870_fk_accounts_customuser_id; Type: FK CONSTRAINT; Schema: public; Owner: postgres
--

ALTER TABLE ONLY public.syllabus_silabo
    ADD CONSTRAINT syllabus_silabo_docente_id_4a5b8870_fk_accounts_customuser_id FOREIGN KEY (docente_id) REFERENCES public.accounts_customuser(id) DEFERRABLE INITIALLY DEFERRED;


--
-- PostgreSQL database dump complete
--

